{
	"credit": "Model created by Zorak Design - Contact me on discord for work: CesarZorak#0808",
	"parent": "block/block_crystal_pro",
	"elements": [
		{
			"name": "block",
			"from": [0, 0, 0],
			"to": [16, 16, 16],
			"rotation": {"angle": 0, "axis": "y", "origin": [8, 8, 8]},
			"faces": {
				"north": {"uv": [0, 0, 16, 16], "texture": "#0", "cullface": "north"},
				"east": {"uv": [0, 0, 16, 16], "texture": "#0", "cullface": "east"},
				"south": {"uv": [0, 0, 16, 16], "texture": "#0", "cullface": "south"},
				"west": {"uv": [0, 0, 16, 16], "texture": "#0", "cullface": "west"},
				"up": {"uv": [0, 0, 16, 16], "texture": "#1", "cullface": "up"},
				"down": {"uv": [0, 0, 16, 16], "texture": "#1", "cullface": "down"}
			}
		},
		{
			"name": "t_0",
			"from": [5.75, 15.75, 6.75],
			"to": [10.25, 20.25, 11.25],
			"rotation": {"angle": 0, "axis": "y", "origin": [8, 8, 8]},
			"faces": {
				"north": {"uv": [4, 5, 0, 9], "texture": "#2", "cullface": "up"},
				"east": {"uv": [0, 5, 4, 9], "texture": "#2", "cullface": "up"},
				"south": {"uv": [4, 5, 0, 9], "texture": "#2", "cullface": "up"},
				"west": {"uv": [0, 5, 4, 9], "texture": "#2", "cullface": "up"},
				"up": {"uv": [0, 0, 4, 4], "rotation": 180, "texture": "#2", "cullface": "up"}
			}
		},
		{
			"name": "t_1",
			"from": [4.85, 15.85, 11.85],
			"to": [8.15, 19.15, 15.15],
			"rotation": {"angle": 45, "axis": "y", "origin": [8, 8, 8]},
			"faces": {
				"north": {"uv": [5, 4, 8, 7], "texture": "#2", "cullface": "up"},
				"east": {"uv": [8, 4, 5, 7], "texture": "#2", "cullface": "up"},
				"south": {"uv": [5, 4, 8, 7], "texture": "#2", "cullface": "up"},
				"west": {"uv": [8, 4, 5, 7], "texture": "#2", "cullface": "up"},
				"up": {"uv": [8, 0, 5, 3], "rotation": 180, "texture": "#2", "cullface": "up"}
			}
		},
		{
			"name": "t_2",
			"from": [7, 16, 7],
			"to": [9, 20, 9],
			"rotation": {"angle": 22.5, "axis": "z", "origin": [8, 8, 8]},
			"faces": {
				"north": {"uv": [13, 3, 15, 7], "texture": "#2", "cullface": "up"},
				"east": {"uv": [15, 3, 13, 7], "texture": "#2", "cullface": "up"},
				"south": {"uv": [15, 3, 13, 7], "texture": "#2", "cullface": "up"},
				"west": {"uv": [13, 3, 15, 7], "texture": "#2", "cullface": "up"},
				"up": {"uv": [13, 2, 15, 0], "rotation": 180, "texture": "#2", "cullface": "up"}
			}
		},
		{
			"name": "t_3",
			"from": [2, 16, 7],
			"to": [5, 18, 10],
			"rotation": {"angle": 22.5, "axis": "x", "origin": [8, 8, 8]},
			"faces": {
				"north": {"uv": [8, 4, 5, 6], "texture": "#2", "cullface": "up"},
				"east": {"uv": [8, 4, 5, 6], "texture": "#2", "cullface": "up"},
				"south": {"uv": [5, 4, 8, 6], "texture": "#2", "cullface": "up"},
				"west": {"uv": [5, 4, 8, 6], "texture": "#2", "cullface": "up"},
				"up": {"uv": [8, 3, 5, 0], "rotation": 180, "texture": "#2", "cullface": "up"}
			}
		},
		{
			"name": "t_4",
			"from": [12.85, 15.85, 1.85],
			"to": [15.15, 17.15, 4.15],
			"rotation": {"angle": 0, "axis": "y", "origin": [8, 8, 8]},
			"faces": {
				"north": {"uv": [13, 3, 15, 4], "texture": "#2", "cullface": "up"},
				"east": {"uv": [13, 3, 15, 4], "texture": "#2", "cullface": "up"},
				"south": {"uv": [13, 3, 15, 4], "texture": "#2", "cullface": "up"},
				"west": {"uv": [13, 3, 15, 4], "texture": "#2", "cullface": "up"},
				"up": {"uv": [13, 0, 15, 2], "rotation": 180, "texture": "#2", "cullface": "up"}
			}
		},
		{
			"name": "t_5",
			"from": [7.85, 14.85, 7.85],
			"to": [11.15, 20.15, 11.15],
			"rotation": {"angle": -22.5, "axis": "x", "origin": [8, 8, 8]},
			"faces": {
				"north": {"uv": [8, 4, 5, 9], "texture": "#2", "cullface": "up"},
				"east": {"uv": [5, 4, 8, 9], "texture": "#2", "cullface": "up"},
				"south": {"uv": [8, 4, 5, 9], "texture": "#2", "cullface": "up"},
				"west": {"uv": [5, 4, 8, 9], "texture": "#2", "cullface": "up"},
				"up": {"uv": [5, 0, 8, 3], "rotation": 180, "texture": "#2", "cullface": "up"}
			}
		},
		{
			"name": "t_6",
			"from": [6, 14, 10],
			"to": [8, 19, 13],
			"rotation": {"angle": -45, "axis": "x", "origin": [8, 8, 8]},
			"faces": {
				"north": {"uv": [15, 3, 13, 8], "texture": "#2", "cullface": "up"},
				"east": {"uv": [5, 4, 8, 9], "texture": "#2", "cullface": "up"},
				"south": {"uv": [13, 3, 15, 8], "texture": "#2", "cullface": "up"},
				"west": {"uv": [8, 4, 5, 9], "texture": "#2", "cullface": "up"},
				"up": {"uv": [9, 0, 12, 2], "rotation": 270, "texture": "#2", "cullface": "up"}
			}
		},
		{
			"name": "s_0",
			"from": [5.85, 9.85, 12.85],
			"to": [10.15, 17.15, 17.15],
			"rotation": {"angle": 45, "axis": "x", "origin": [8, 8, 8]},
			"faces": {
				"north": {"uv": [4, 5, 0, 12], "texture": "#2", "cullface": "south"},
				"east": {"uv": [0, 5, 4, 12], "texture": "#2", "cullface": "south"},
				"south": {"uv": [4, 5, 0, 12], "texture": "#2", "cullface": "south"},
				"west": {"uv": [0, 5, 4, 12], "texture": "#2", "cullface": "south"},
				"up": {"uv": [0, 0, 4, 4], "rotation": 180, "texture": "#2", "cullface": "south"}
			}
		},
		{
			"name": "s_1",
			"from": [3.85, 8.85, 14.85],
			"to": [7.15, 14.15, 18.15],
			"rotation": {"angle": 45, "axis": "x", "origin": [8, 8, 8]},
			"faces": {
				"north": {"uv": [5, 4, 8, 9], "texture": "#2", "cullface": "south"},
				"east": {"uv": [5, 4, 8, 9], "texture": "#2", "cullface": "south"},
				"south": {"uv": [5, 4, 8, 9], "texture": "#2", "cullface": "south"},
				"west": {"uv": [8, 4, 5, 9], "texture": "#2", "cullface": "south"},
				"up": {"uv": [8, 0, 5, 3], "rotation": 180, "texture": "#2", "cullface": "south"}
			}
		},
		{
			"name": "s_2",
			"from": [10, 12, 12],
			"to": [12, 16, 15],
			"rotation": {"angle": 45, "axis": "x", "origin": [8, 8, 8]},
			"faces": {
				"north": {"uv": [13, 3, 15, 7], "texture": "#2", "cullface": "south"},
				"east": {"uv": [9, 3, 12, 7], "texture": "#2", "cullface": "south"},
				"south": {"uv": [15, 3, 13, 7], "texture": "#2", "cullface": "south"},
				"west": {"uv": [12, 3, 9, 7], "texture": "#2", "cullface": "south"},
				"up": {"uv": [9, 2, 12, 0], "rotation": 270, "texture": "#2", "cullface": "south"}
			}
		},
		{
			"name": "s_3",
			"from": [12, 5, 16],
			"to": [14, 10, 18],
			"rotation": {"angle": 22.5, "axis": "x", "origin": [8, 8, 8]},
			"faces": {
				"north": {"uv": [13, 3, 15, 8], "texture": "#2", "cullface": "south"},
				"east": {"uv": [13, 3, 15, 8], "texture": "#2", "cullface": "south"},
				"south": {"uv": [15, 3, 13, 8], "texture": "#2", "cullface": "south"},
				"west": {"uv": [15, 3, 13, 8], "texture": "#2", "cullface": "south"},
				"up": {"uv": [13, 0, 15, 2], "rotation": 180, "texture": "#2", "cullface": "south"}
			}
		},
		{
			"name": "s_4",
			"from": [3, 9.5, 14],
			"to": [5, 14.5, 16],
			"rotation": {"angle": 22.5, "axis": "x", "origin": [8, 8, 8]},
			"faces": {
				"north": {"uv": [13, 3, 15, 8], "texture": "#2", "cullface": "south"},
				"east": {"uv": [13, 3, 15, 8], "texture": "#2", "cullface": "south"},
				"south": {"uv": [13, 3, 15, 8], "texture": "#2", "cullface": "south"},
				"west": {"uv": [15, 3, 13, 8], "texture": "#2", "cullface": "south"},
				"up": {"uv": [15, 0, 13, 2], "rotation": 180, "texture": "#2", "cullface": "south"}
			}
		},
		{
			"name": "n_0",
			"from": [3.85, 9.85, -1.15],
			"to": [8.15, 17.15, 3.15],
			"rotation": {"angle": -45, "axis": "x", "origin": [8, 8, 8]},
			"faces": {
				"north": {"uv": [0, 5, 4, 12], "texture": "#2", "cullface": "north"},
				"east": {"uv": [0, 5, 4, 12], "texture": "#2", "cullface": "north"},
				"south": {"uv": [4, 5, 0, 12], "texture": "#2", "cullface": "north"},
				"west": {"uv": [0, 5, 4, 12], "texture": "#2", "cullface": "north"},
				"up": {"uv": [0, 0, 4, 4], "rotation": 180, "texture": "#2", "cullface": "north"}
			}
		},
		{
			"name": "n_1",
			"from": [6.85, 8.85, -2.15],
			"to": [10.15, 14.15, 1.15],
			"rotation": {"angle": -45, "axis": "x", "origin": [8, 8, 8]},
			"faces": {
				"north": {"uv": [5, 4, 8, 9], "texture": "#2", "cullface": "north"},
				"east": {"uv": [8, 4, 5, 9], "texture": "#2", "cullface": "north"},
				"south": {"uv": [5, 4, 8, 9], "texture": "#2", "cullface": "north"},
				"west": {"uv": [5, 4, 8, 9], "texture": "#2", "cullface": "north"},
				"up": {"uv": [5, 3, 8, 0], "rotation": 180, "texture": "#2", "cullface": "north"}
			}
		},
		{
			"name": "n_2",
			"from": [2, 5, -2],
			"to": [4, 11, 0],
			"rotation": {"angle": -22.5, "axis": "x", "origin": [8, 8, 8]},
			"faces": {
				"north": {"uv": [15, 3, 13, 9], "texture": "#2", "cullface": "north"},
				"east": {"uv": [13, 3, 15, 9], "texture": "#2", "cullface": "north"},
				"south": {"uv": [13, 3, 15, 9], "texture": "#2", "cullface": "north"},
				"west": {"uv": [13, 3, 15, 9], "texture": "#2", "cullface": "north"},
				"up": {"uv": [15, 2, 13, 0], "rotation": 180, "texture": "#2", "cullface": "north"}
			}
		},
		{
			"name": "n_3",
			"from": [9.85, 12.85, 1.85],
			"to": [12.15, 18.15, 5.15],
			"rotation": {"angle": -45, "axis": "x", "origin": [8, 8, 8]},
			"faces": {
				"north": {"uv": [13, 3, 15, 8], "texture": "#2", "cullface": "north"},
				"east": {"uv": [12, 3, 9, 8], "texture": "#2", "cullface": "north"},
				"south": {"uv": [15, 3, 13, 8], "texture": "#2", "cullface": "north"},
				"west": {"uv": [9, 3, 12, 8], "texture": "#2", "cullface": "north"},
				"up": {"uv": [12, 2, 9, 0], "rotation": 270, "texture": "#2", "cullface": "north"}
			}
		},
		{
			"name": "n_4",
			"from": [12, 9.5, 0],
			"to": [14, 14.5, 2],
			"rotation": {"angle": -22.5, "axis": "x", "origin": [8, 8, 8]},
			"faces": {
				"north": {"uv": [13, 3, 15, 8], "texture": "#2", "cullface": "north"},
				"east": {"uv": [15, 3, 13, 8], "texture": "#2", "cullface": "north"},
				"south": {"uv": [13, 3, 15, 8], "texture": "#2", "cullface": "north"},
				"west": {"uv": [13, 3, 15, 8], "texture": "#2", "cullface": "north"},
				"up": {"uv": [13, 2, 15, 0], "rotation": 180, "texture": "#2", "cullface": "north"}
			}
		},
		{
			"name": "e_0",
			"from": [13.5, 6, 9],
			"to": [17.5, 13, 13],
			"rotation": {"angle": -22.5, "axis": "z", "origin": [8, 8, 8]},
			"faces": {
				"north": {"uv": [0, 5, 4, 12], "texture": "#2", "cullface": "east"},
				"east": {"uv": [0, 5, 4, 12], "texture": "#2", "cullface": "east"},
				"south": {"uv": [4, 5, 0, 12], "texture": "#2", "cullface": "east"},
				"west": {"uv": [0, 5, 4, 12], "texture": "#2", "cullface": "east"},
				"up": {"uv": [0, 0, 4, 4], "rotation": 180, "texture": "#2", "cullface": "east"}
			}
		},
		{
			"name": "e_1",
			"from": [16, 9, 7],
			"to": [18, 15, 9],
			"rotation": {"angle": -45, "axis": "z", "origin": [8, 8, 8]},
			"faces": {
				"north": {"uv": [13, 3, 15, 9], "texture": "#2", "cullface": "east"},
				"east": {"uv": [15, 3, 13, 9], "texture": "#2", "cullface": "east"},
				"south": {"uv": [15, 3, 13, 9], "texture": "#2", "cullface": "east"},
				"west": {"uv": [13, 3, 15, 9], "texture": "#2", "cullface": "east"},
				"up": {"uv": [13, 2, 15, 0], "rotation": 180, "texture": "#2", "cullface": "east"}
			}
		},
		{
			"name": "e_2",
			"from": [11.35, 12.85, 2.85],
			"to": [14.65, 18.15, 6.15],
			"rotation": {"angle": -45, "axis": "z", "origin": [8, 8, 8]},
			"faces": {
				"north": {"uv": [5, 4, 8, 9], "texture": "#2", "cullface": "east"},
				"east": {"uv": [8, 4, 5, 9], "texture": "#2", "cullface": "east"},
				"south": {"uv": [8, 4, 5, 9], "texture": "#2", "cullface": "east"},
				"west": {"uv": [8, 4, 5, 9], "texture": "#2", "cullface": "east"},
				"up": {"uv": [5, 3, 8, 0], "rotation": 180, "texture": "#2", "cullface": "east"}
			}
		},
		{
			"name": "e_3",
			"from": [13, 11, 2],
			"to": [16, 15, 4],
			"rotation": {"angle": -45, "axis": "z", "origin": [8, 8, 8]},
			"faces": {
				"north": {"uv": [9, 3, 12, 7], "texture": "#2", "cullface": "east"},
				"east": {"uv": [15, 3, 13, 7], "texture": "#2", "cullface": "east"},
				"south": {"uv": [12, 3, 9, 7], "texture": "#2", "cullface": "east"},
				"west": {"uv": [15, 3, 13, 7], "texture": "#2", "cullface": "east"},
				"up": {"uv": [9, 2, 12, 0], "rotation": 180, "texture": "#2", "cullface": "east"}
			}
		},
		{
			"name": "w_0",
			"from": [0.85, 11.85, 6.85],
			"to": [5.15, 19.15, 11.15],
			"rotation": {"angle": 45, "axis": "z", "origin": [8, 8, 8]},
			"faces": {
				"north": {"uv": [0, 5, 4, 12], "texture": "#2", "cullface": "west"},
				"east": {"uv": [4, 5, 0, 12], "texture": "#2", "cullface": "west"},
				"south": {"uv": [0, 5, 4, 12], "texture": "#2", "cullface": "west"},
				"west": {"uv": [4, 5, 0, 12], "texture": "#2", "cullface": "west"},
				"up": {"uv": [4, 0, 0, 4], "rotation": 180, "texture": "#2", "cullface": "west"}
			}
		},
		{
			"name": "w_1",
			"from": [0, 10, 5],
			"to": [3, 15, 7],
			"rotation": {"angle": 22.5, "axis": "z", "origin": [8, 8, 8]},
			"faces": {
				"north": {"uv": [12, 3, 9, 8], "texture": "#2", "cullface": "west"},
				"east": {"uv": [13, 3, 15, 8], "texture": "#2", "cullface": "west"},
				"south": {"uv": [9, 3, 12, 8], "texture": "#2", "cullface": "west"},
				"west": {"uv": [13, 3, 15, 8], "texture": "#2", "cullface": "west"},
				"up": {"uv": [12, 2, 9, 0], "rotation": 180, "texture": "#2", "cullface": "west"}
			}
		},
		{
			"name": "w_2",
			"from": [-1, 7, 11],
			"to": [2, 12, 14],
			"rotation": {"angle": 22.5, "axis": "z", "origin": [8, 8, 8]},
			"faces": {
				"north": {"uv": [8, 4, 5, 9], "texture": "#2", "cullface": "west"},
				"east": {"uv": [5, 4, 8, 9], "texture": "#2", "cullface": "west"},
				"south": {"uv": [5, 4, 8, 9], "texture": "#2", "cullface": "west"},
				"west": {"uv": [5, 4, 8, 9], "texture": "#2", "cullface": "west"},
				"up": {"uv": [5, 0, 8, 3], "rotation": 180, "texture": "#2", "cullface": "west"}
			}
		},
		{
			"name": "w_3",
			"from": [-3, 8, 4],
			"to": [0, 13, 7],
			"rotation": {"angle": 45, "axis": "z", "origin": [8, 8, 8]},
			"faces": {
				"north": {"uv": [8, 4, 5, 9], "texture": "#2", "cullface": "west"},
				"east": {"uv": [5, 4, 8, 9], "texture": "#2", "cullface": "west"},
				"south": {"uv": [5, 4, 8, 9], "texture": "#2", "cullface": "west"},
				"west": {"uv": [5, 4, 8, 9], "texture": "#2", "cullface": "west"},
				"up": {"uv": [8, 3, 5, 0], "rotation": 180, "texture": "#2", "cullface": "west"}
			}
		},
		{
			"name": "w_4",
			"from": [-1, 7, 2],
			"to": [1, 13, 4],
			"rotation": {"angle": 22.5, "axis": "z", "origin": [8, 8, 8]},
			"faces": {
				"north": {"uv": [15, 3, 13, 9], "texture": "#2", "cullface": "west"},
				"east": {"uv": [15, 3, 13, 9], "texture": "#2", "cullface": "west"},
				"south": {"uv": [13, 3, 15, 9], "texture": "#2", "cullface": "west"},
				"west": {"uv": [13, 3, 15, 9], "texture": "#2", "cullface": "west"},
				"up": {"uv": [15, 2, 13, 0], "rotation": 180, "texture": "#2", "cullface": "west"}
			}
		},
		{
			"name": "d_0",
			"from": [5.85, -7.15, 5.85],
			"to": [10.15, 0.15, 10.15],
			"rotation": {"angle": 22.5, "axis": "y", "origin": [8, 8, 8]},
			"faces": {
				"north": {"uv": [0, 12, 4, 5], "texture": "#2", "cullface": "down"},
				"east": {"uv": [4, 12, 0, 5], "texture": "#2", "cullface": "down"},
				"south": {"uv": [0, 12, 4, 5], "texture": "#2", "cullface": "down"},
				"west": {"uv": [4, 12, 0, 5], "texture": "#2", "cullface": "down"},
				"down": {"uv": [0, 0, 4, 4], "rotation": 180, "texture": "#2", "cullface": "down"}
			}
		},
		{
			"name": "d_1",
			"from": [3.85, -5.15, 3.85],
			"to": [7.15, 0.15, 7.15],
			"rotation": {"angle": 0, "axis": "y", "origin": [8, 8, 8]},
			"faces": {
				"north": {"uv": [8, 9, 5, 4], "texture": "#2", "cullface": "down"},
				"east": {"uv": [5, 9, 8, 4], "texture": "#2", "cullface": "down"},
				"south": {"uv": [8, 9, 5, 4], "texture": "#2", "cullface": "down"},
				"west": {"uv": [5, 9, 8, 4], "texture": "#2", "cullface": "down"},
				"down": {"uv": [8, 0, 5, 3], "rotation": 180, "texture": "#2", "cullface": "down"}
			}
		},
		{
			"name": "d_2",
			"from": [3.85, -6.15, 5.85],
			"to": [6.15, 0.15, 8.15],
			"rotation": {"angle": 45, "axis": "y", "origin": [8, 8, 8]},
			"faces": {
				"north": {"uv": [15, 9, 13, 3], "texture": "#2", "cullface": "down"},
				"east": {"uv": [13, 9, 15, 3], "texture": "#2", "cullface": "down"},
				"south": {"uv": [13, 9, 15, 3], "texture": "#2", "cullface": "down"},
				"west": {"uv": [13, 9, 15, 3], "texture": "#2", "cullface": "down"},
				"down": {"uv": [15, 2, 13, 0], "rotation": 90, "texture": "#2", "cullface": "down"}
			}
		},
		{
			"name": "d_3",
			"from": [12.85, -4.15, 5.85],
			"to": [15.15, 0.15, 8.15],
			"rotation": {"angle": 45, "axis": "y", "origin": [8, 8, 8]},
			"faces": {
				"north": {"uv": [13, 7, 15, 3], "texture": "#2", "cullface": "down"},
				"east": {"uv": [13, 7, 15, 3], "texture": "#2", "cullface": "down"},
				"south": {"uv": [15, 7, 13, 3], "texture": "#2", "cullface": "down"},
				"west": {"uv": [15, 7, 13, 3], "texture": "#2", "cullface": "down"},
				"down": {"uv": [13, 0, 15, 2], "rotation": 90, "texture": "#2", "cullface": "down"}
			}
		},
		{
			"name": "d_4",
			"from": [6.85, -2.15, 10.85],
			"to": [10.15, 0.15, 14.15],
			"rotation": {"angle": 0, "axis": "y", "origin": [8, 8, 8]},
			"faces": {
				"north": {"uv": [12, 5, 9, 3], "texture": "#2", "cullface": "down"},
				"east": {"uv": [9, 5, 12, 3], "texture": "#2", "cullface": "down"},
				"south": {"uv": [12, 5, 9, 3], "texture": "#2", "cullface": "down"},
				"west": {"uv": [9, 5, 12, 3], "texture": "#2", "cullface": "down"},
				"down": {"uv": [5, 3, 8, 0], "rotation": 180, "texture": "#2", "cullface": "down"}
			}
		},
		{
			"name": "d_5",
			"from": [10.85, -3.15, 4.85],
			"to": [14.15, 0.15, 8.15],
			"rotation": {"angle": -22.5, "axis": "y", "origin": [8, 8, 8]},
			"faces": {
				"north": {"uv": [8, 7, 5, 4], "texture": "#2", "cullface": "down"},
				"east": {"uv": [5, 7, 8, 4], "texture": "#2", "cullface": "down"},
				"south": {"uv": [8, 7, 5, 4], "texture": "#2", "cullface": "down"},
				"west": {"uv": [5, 7, 8, 4], "texture": "#2", "cullface": "down"},
				"down": {"uv": [5, 3, 8, 0], "rotation": 180, "texture": "#2", "cullface": "down"}
			}
		}
	],
	"groups": [
		{
			"name": "stone",
			"origin": [8, 8, 8],
			"color": 0,
			"children": [
				0,
				{
					"name": "ore",
					"origin": [8, 8, 8],
					"color": 0,
					"children": [1, 2, 3, 4, 5, 6, 7, 8, 9, 10, 11, 12, 13, 14, 15, 16, 17, 18, 19, 20, 21, 22, 23, 24, 25, 26, 27, 28, 29, 30, 31, 32]
				}
			]
		}
	]
}